ID,antibody_number,antigen_chain,heavy_chain,light_chain,domain_A,domain_B,class
6W41,1,C,H,L,RBD,,4
6WPS,1,A,H,L,RBD,,3
6WPS,2,B,C,D,RBD,,3
6WPS,3,E,F,G,RBD,,3
6WPT,1,A,D,E,RBD,,3
6WPT,2,C,H,L,RBD,,3
6XC2,1,A,H,L,RBD,,1
6XC2,2,Z,X,Y,RBD,,1
6XC3,1,C,B,A,RBD,,1
6XC3,2,C,H,L,RBD,,4
6XC4,1,A,H,L,RBD,,1
6XC4,2,Z,X,Y,RBD,,1
6XC7,1,A,C,D,RBD,,1
6XC7,2,A,H,L,RBD,,4
6XCM,1,B,N,S,RBD,,1
6XCM,2,C,H,L,RBD,,1
6XCN,1,A,B,D,RBD,,1
6XCN,2,C,H,L,RBD,,1
6XCN,3,E,F,G,RBD,,1
6XDG,1,E,B,D,RBD,,1
6XDG,2,E,C,A,RBD,,3
6XE1,1,E,H,L,RBD,,1
6XEY,1,A,H,L,RBD,,
6XEY,2,B,F,G,RBD,,
6XEY,3,C,J,K,RBD,,
6XKP,1,A,H,L,RBD,,3
6XKP,2,B,M,N,RBD,,3
6XKQ,1,A,H,L,RBD,,2
6YLA,1,A,B,C,RBD,,4
6YLA,2,E,H,L,RBD,,4
6YM0,1,E,H,L,RBD,,4
6YOR,1,A,B,C,RBD,,4
6YOR,2,E,H,L,RBD,,4
6YZ5,1,E,F,,RBD,,2
6YZ7,1,AAA,BBB,CCC,RBD,,4
6YZ7,2,EEE,HHH,LLL,RBD,,4
6YZ7,3,AAA,DDD,,RBD,,2
6YZ7,4,EEE,FFF,,RBD,,2
6Z2M,1,A,B,C,RBD,,4
6Z2M,2,E,F,,RBD,,2
6Z2M,3,E,H,L,RBD,,4
6Z2M,4,A,D,,RBD,,2
6Z43,1,B,Y,,RBD,,2
6Z43,2,C,Z,,RBD,,2
6Z43,3,A,X,,RBD,,2
6ZBP,1,E,F,,RBD,,2
6ZCZ,1,E,F,,RBD,,2
6ZCZ,2,E,H,L,RBD,,4
6ZDG,1,A,B,C,RBD,,4
6ZDG,2,D,F,G,RBD,,4
6ZDG,3,E,H,L,RBD,,4
6ZDH,1,A,H,L,RBD,,4
6ZDH,2,B,D,F,RBD,,4
6ZDH,3,C,G,I,RBD,,4
6ZER,1,A,B,C,RBD,,4
6ZER,2,D,F,G,RBD,,4
6ZER,3,E,H,L,RBD,,4
6ZFO,1,A,B,C,RBD,,4
6ZFO,2,E,H,L,RBD,,4
6ZH9,1,E,H,L,RBD,,4
6ZH9,2,E,F,,RBD,,2
6ZHD,1,A,D,,RBD,,2
6ZHD,2,C,E,,RBD,,2
6ZHD,3,B,F,,RBD,,2
6ZLR,1,A,B,C,RBD,,4
6ZLR,2,D,F,G,RBD,,4
6ZLR,3,E,H,L,RBD,,4
6ZXN,1,C,F,,RBD,,2
6ZXN,2,A,D,,RBD,,2
6ZXN,3,B,E,,RBD,,2
7A25,1,A,D,,RBD,,2
7A25,2,B,E,,RBD,,2
7A25,3,C,F,,RBD,,2
7A29,1,A,D,,RBD,,2
7A29,2,B,E,,RBD,,2
7A29,3,C,F,,RBD,,2
7A5R,1,A,H,L,RBD,,4
7A5R,2,B,I,M,RBD,,4
7A5S,1,A,H,L,RBD,,4
7A5S,2,B,I,M,RBD,,4
7AKD,1,B,H,L,RBD,,3
7AKD,2,C,D,E,RBD,,3
7B14,1,A,D,,RBD,,1
7B17,1,A,B,,RBD,,
7B17,2,A,B,,RBD,,
7B18,1,C,H,,RBD,,
7B18,2,A,D,,RBD,,
7B18,3,C,I,,RBD,,
7B18,4,A,E,,RBD,,
7B18,5,B,G,,RBD,,
7B18,6,B,F,,RBD,,
7B27,1,A,C,,RBD,,3
7B27,2,a,D,,RBD,,3
7B3O,1,E,H,L,RBD,,1
7BEH,1,E,H,L,RBD,,
7BEI,1,E,H,L,RBD,,
7BEJ,1,E,H,L,RBD,,
7BEK,1,E,H,L,RBD,,
7BEL,1,R,H,L,RBD,,
7BEL,2,R,A,B,RBD,,3
7BEL,3,X,C,D,RBD,,3
7BEL,4,X,E,F,RBD,,
7BEM,1,E,H,L,RBD,,
7BEN,1,C,G,I,RBD,,
7BEN,2,C,D,F,RBD,,1
7BEN,3,E,H,L,RBD,,1
7BEN,4,E,A,B,RBD,,
7BEO,1,R,H,L,RBD,,
7BEO,2,R,A,B,RBD,,
7BEO,3,X,E,F,RBD,,
7BEO,4,X,C,D,RBD,,
7BEP,1,C,G,I,RBD,,3
7BEP,2,C,D,F,RBD,,
7BEP,3,E,A,B,RBD,,
7BEP,4,E,H,L,RBD,,3
7BNV,1,A,H,L,RBD,,
7BWJ,1,E,H,L,RBD,,3
7BYR,1,B,H,L,RBD,,
7BZ5,1,A,H,L,RBD,,1
7C01,1,A,H,L,RBD,,1
7C01,2,B,C,D,RBD,,1
7C2L,1,A,H,L,NTD,,NTD
7C2L,2,B,I,M,NTD,,NTD
7C2L,3,C,J,N,NTD,,NTD
7C8V,1,B,A,,RBD,,2
7C8W,1,B,A,,RBD,,2
7CAC,1,"A,B",E,D,RBD,RBD,4
7CAH,1,A,E,D,RBD,,4
7CAI,1,A,E,D,RBD,,4
7CAI,2,"B,C",G,F,RBD,RBD,4
7CAK,1,A,E,D,RBD,,4
7CAK,2,B,G,F,RBD,,4
7CAK,3,C,I,H,RBD,,4
7CAN,1,B,A,,RBD,,2
7CDI,1,E,H,L,RBD,,1
7CDJ,1,E,H,L,RBD,,2
7CH4,1,R,H,L,RBD,,1
7CH5,1,R,H,L,RBD,,
7CHB,1,R,H,L,RBD,,
7CHC,1,R,H,L,RBD,,
7CHC,2,R,A,B,RBD,,2
7CHE,1,R,H,L,RBD,,
7CHE,2,R,A,B,RBD,,2
7CHF,1,R,A,B,RBD,,2
7CHF,2,R,H,L,RBD,,1
7CHH,1,A,D,E,RBD,,2
7CHH,2,B,G,H,RBD,,2
7CHH,3,C,J,K,RBD,,2
7CHO,1,A,B,C,RBD,,1
7CHO,2,E,H,L,RBD,,1
7CHP,1,E,H,L,RBD,,1
7CHS,1,E,H,L,RBD,,1
7CJF,1,C,A,B,RBD,,1
7CM4,1,A,H,L,RBD,,2
7CWL,1,A,H,L,RBD,,2
7CWL,2,B,G,J,RBD,,2
7CWL,3,C,I,K,RBD,,2
7CWM,1,A,H,L,RBD,,2
7CWM,2,B,G,J,RBD,,2
7CWM,3,C,I,K,RBD,,2
7CWN,1,A,G,F,RBD,,2
7CWN,2,A,O,M,RBD,,4
7CWN,3,B,K,I,RBD,,2
7CWN,4,B,E,D,RBD,,4
7CWN,5,C,H,N,RBD,,4
7CWN,6,C,L,J,RBD,,2
7CWO,1,A,H,L,RBD,,2
7CWS,1,O,N,K,NTD,,NTD
7CWS,2,O,I,H,RBD,,4
7CWS,3,Q,E,D,RBD,,4
7CWS,4,Q,L,C,NTD,,NTD
7CWS,5,R,P,M,NTD,,NTD
7CWS,6,R,G,F,RBD,,4
7CWT,1,A,L,H,NTD,,NTD
7CWT,2,A,E,D,RBD,,2
7CWT,3,B,N,K,NTD,,NTD
7CWT,4,B,G,F,RBD,,2
7CWT,5,C,I,J,RBD,,2
7CWT,6,C,P,M,NTD,,NTD
7CWU,1,A,J,F,NTD,,NTD
7CWU,2,A,O,S,RBD,,2
7CWU,3,B,N,G,NTD,,NTD
7CWU,4,B,H,L,RBD,,2
7CWU,5,C,P,I,NTD,,NTD
7CWU,6,C,M,R,RBD,,2
7CYH,1,A,E,D,RBD,,2
7CYP,1,A,E,D,RBD,,2
7CYP,2,B,G,F,RBD,,2
7CYP,3,C,I,H,RBD,,2
7CYV,1,B,H,h,RBD,,
7CZP,1,A,H,L,RBD,,2
7CZP,2,C,J,N,RBD,,2
7CZQ,1,A,H,K,RBD,,1
7CZQ,2,C,J,N,RBD,,1
7CZR,1,A,H,K,RBD,,1
7CZR,2,C,J,N,RBD,,1
7CZS,1,A,H,K,RBD,,1
7CZS,2,B,I,M,RBD,,1
7CZS,3,C,J,N,RBD,,1
7CZT,1,A,H,L,RBD,,2
7CZT,2,C,I,M,RBD,,2
7CZU,1,A,H,K,RBD,,2
7CZU,2,C,J,N,RBD,,2
7CZV,1,A,H,K,RBD,,2
7CZV,2,B,I,M,RBD,,2
7CZV,3,C,J,N,RBD,,2
7CZW,1,A,H,L,RBD,,
7CZW,2,C,J,N,RBD,,
7CZX,1,A,H,K,RBD,,2
7CZX,2,B,I,M,RBD,,2
7CZX,3,C,J,N,RBD,,2
7CZY,1,A,H,K,RBD,,2
7CZY,2,C,J,N,RBD,,2
7CZZ,1,A,H,K,RBD,,2
7CZZ,2,B,I,M,RBD,,2
7CZZ,3,C,J,N,RBD,,2
7D00,1,A,H,K,RBD,,
7D00,2,C,J,N,RBD,,
7D03,1,A,H,L,RBD,,
7D0B,1,A,H,L,RBD,,2
7D0C,1,A,H,L,RBD,,1
7D0C,2,C,G,F,RBD,,1
7D0D,1,A,H,L,RBD,,2
7D0D,2,B,G,F,RBD,,2
7D2Z,1,B,A,,RBD,,4
7D30,1,B,A,,RBD,,2
7D30,2,B,A,,RBD,,2
7D4G,1,B,N,G,NTD,,NTD
7D6I,1,A,B,C,RBD,,
7DCC,1,E,D,H,RBD,,2
7DCC,2,I,B,M,RBD,,2
7DCC,3,K,A,F,RBD,,2
7DCX,1,C,A,F,RBD,,2
7DCX,2,D,B,G,RBD,,2
7DCX,3,K,E,H,RBD,,2
7DD2,1,C,A,B,RBD,,2
7DD2,2,K,E,H,RBD,,2
7DD8,1,"C,D",A,B,RBD,RBD,2
7DEO,1,B,A,a,RBD,,
7DEO,2,D,C,c,RBD,,
7DET,1,A,B,b,RBD,,
7DET,2,C,D,d,RBD,,
7DEU,1,A,B,b,RBD,,
7DJZ,1,C,A,B,RBD,,2
7DK0,1,C,A,B,RBD,,2
7DK4,1,A,a,b,RBD,,2
7DK4,2,B,c,d,RBD,,2
7DK4,3,C,e,f,RBD,,2
7DK5,1,A,a,b,RBD,,2
7DK6,1,A,a,b,RBD,,2
7DK6,2,B,c,d,RBD,,2
7DK7,1,A,a,b,RBD,,2
7DK7,2,B,c,d,RBD,,2
7DK7,3,C,e,f,RBD,,2
7DPM,1,C,A,B,RBD,,4
7DPM,2,F,D,E,RBD,,4
7DPM,3,I,G,H,RBD,,4
7DPM,4,L,J,K,RBD,,4
7DX4,1,E,H,L,RBD,,3
7DZX,1,C,H,L,NTD,,NTD
7DZY,1,A,O,P,NTD,,NTD
7DZY,2,B,H,L,NTD,,NTD
7DZY,3,C,M,N,NTD,,NTD
7E23,1,A,B,C,RBD,,2
7E39,1,A,C,B,RBD,,
7E3B,1,A,B,C,RBD,,
7E3C,1,A,B,C,RBD,,
7E3K,1,A,D,E,RBD,,2
7E3K,2,B,F,G,RBD,,2
7E3K,3,C,H,L,RBD,,2
7E3L,1,A,D,E,RBD,,2
7E3L,2,B,F,G,RBD,,2
7E3L,3,C,H,L,RBD,,2
7E3O,1,R,H,L,RBD,,
7E5O,1,A,H,L,RBD,,
7E5R,1,A,L,H,RBD,,4
7E5R,2,A,P,Q,NTD,,NTD
7E5R,3,A,M,U,RBD,,2
7E5R,4,B,W,R,NTD,,NTD
7E5R,5,B,N,D,RBD,,4
7E5R,6,B,T,V,RBD,,2
7E5R,7,C,O,E,RBD,,4
7E5R,8,C,I,K,RBD,,2
7E5R,9,C,X,S,NTD,,NTD
7E5S,1,A,R,O,RBD,,2
7E5S,2,A,P,N,NTD,,NTD
7E5S,3,B,U,Q,NTD,,NTD
7E5S,4,B,I,K,RBD,,2
7E5S,5,B,L,D,RBD,,4
7E5S,6,C,V,S,NTD,,NTD
7E5S,7,C,E,H,RBD,,4
7E5S,8,C,J,T,RBD,,2
7E5Y,1,A,C,B,RBD,,1
7E5Y,2,R,H,L,RBD,,1
7E7X,1,A,H,L,NTD,,NTD
7E7X,2,B,M,N,NTD,,NTD
7E7Y,1,E,C,D,RBD,,2
7E7Y,2,R,A,B,RBD,,2
7E86,1,C,A,B,RBD,,
7E88,1,C,A,B,RBD,,
7E88,2,F,D,E,RBD,,
7E88,3,I,G,H,RBD,,
7E88,4,L,J,K,RBD,,
7E8C,1,A,M,J,RBD,,
7E8C,2,A,H,L,NTD,,NTD
7E8C,3,A,O,Q,RBD,,
7E8C,4,B,K,I,RBD,,
7E8C,5,B,N,P,RBD,,
7E8C,6,B,T,V,NTD,,NTD
7E8C,7,C,D,E,RBD,,
7E8C,8,C,a,Z,RBD,,
7E8C,9,C,S,U,NTD,,NTD
7E8F,1,A,H,L,NTD,,NTD
7E8F,2,R,C,B,RBD,,
7E8F,3,R,D,E,RBD,,
7E8M,1,E,H,L,RBD,,1
7EAM,1,A,H,L,RBD,,3
7EAM,2,B,C,D,RBD,,3
7EAN,1,A,H,L,RBD,,3
7EH5,1,A,H,L,RBD,,
7EH5,2,A,D,O,RBD,,4
7EH5,3,B,E,P,RBD,,4
7EH5,4,B,I,M,RBD,,
7EH5,5,C,F,Q,RBD,,4
7EH5,6,C,J,N,RBD,,
7EJ4,1,A,H,L,RBD,,
7EJ4,2,B,I,M,RBD,,
7EJ4,3,C,J,N,RBD,,
7EJ5,1,A,H,L,RBD,,
7EJ5,2,B,I,M,RBD,,
7EJ5,3,C,J,N,RBD,,
7EY0,1,R,H,L,RBD,,1
7EY0,2,R,A,B,RBD,,3
7EY4,1,R,H,L,RBD,,3
7EY5,1,A,B,C,RBD,,3
7EY5,2,A,H,L,RBD,,2
7EYA,1,R,H,L,RBD,,3
7EZV,1,A,M,N,RBD,,3
7EZV,2,A,H,L,RBD,,3
7F62,1,A,H,L,RBD,,
7F63,1,A,H,L,RBD,,
7FG2,1,A,D,,RBD,,
7FG3,1,A,D,,RBD,,
7JMO,1,A,H,L,RBD,,1
7JMP,1,A,H,L,RBD,,2
7JMW,1,A,H,L,RBD,,4
7JV2,1,A,H,L,RBD,,2
7JV4,1,A,H,L,RBD,,2
7JV4,2,B,D,E,RBD,,2
7JV4,3,C,F,G,RBD,,2
7JV6,1,A,H,L,RBD,,2
7JV6,2,B,C,D,RBD,,2
7JV6,3,E,F,G,RBD,,2
7JVA,1,A,H,L,RBD,,4
7JVB,1,A,C,,RBD,,2
7JVB,2,B,D,,RBD,,2
7JVC,1,A,H,L,RBD,,4
7JVC,2,B,C,D,RBD,,4
7JVC,3,E,F,G,RBD,,4
7JW0,1,A,H,L,RBD,,4
7JW0,2,B,D,C,RBD,,4
7JW0,3,E,G,F,RBD,,4
7JWB,1,A,D,,RBD,,
7JWB,2,B,D,,RBD,,
7JWB,3,C,D,,RBD,,
7JX3,1,R,C,D,RBD,,2
7JX3,2,R,A,B,RBD,,3
7JX3,3,R,H,L,RBD,,4
7JZL,1,A,E,,RBD,,2
7JZL,2,B,F,,RBD,,2
7JZL,3,C,G,,RBD,,2
7JZM,1,B,A,,RBD,,2
7JZN,1,A,E,,RBD,,2
7JZN,2,B,F,,RBD,,2
7JZN,3,C,G,,RBD,,2
7JZU,1,B,A,,RBD,,2
7K43,1,A,H,L,RBD,,2
7K43,2,B,C,D,RBD,,2
7K43,3,E,F,G,RBD,,2
7K45,1,B,H,L,RBD,,1
7K4N,1,A,H,L,RBD,,1
7K4N,2,B,C,D,RBD,,1
7K4N,3,E,F,G,RBD,,1
7K8M,1,E,A,B,RBD,,1
7K8S,1,A,H,L,RBD,,2
7K8S,2,B,O,P,RBD,,2
7K8S,3,C,M,N,RBD,,2
7K8T,1,A,O,P,RBD,,2
7K8T,2,B,M,N,RBD,,2
7K8T,3,C,H,L,RBD,,2
7K8U,1,"A,B",H,L,RBD,RBD,2
7K8V,1,"A,B",H,L,RBD,RBD,3
7K8V,2,C,M,N,RBD,,3
7K8W,1,"A,B",H,L,RBD,RBD,3
7K8W,2,G,N,S,RBD,,3
7K8X,1,A,E,G,RBD,,2
7K8X,2,"B,C",D,F,RBD,RBD,2
7K8Y,1,"B,D",G,I,RBD,RBD,2
7K8Z,1,A,H,L,RBD,,3
7K8Z,2,C,M,N,RBD,,3
7K90,1,A,M,N,RBD,,2
7K90,2,B,H,L,RBD,,2
7K90,3,C,O,P,RBD,,2
7K9H,1,"A,B",H,L,RBD,RBD,2
7K9H,2,C,I,M,RBD,,2
7K9I,1,A,H,L,RBD,,2
7K9J,1,A,H,L,RBD,,3
7K9J,2,B,I,M,RBD,,3
7K9J,3,C,J,N,RBD,,3
7K9K,1,A,H,L,RBD,,3
7K9Z,1,E,H,L,RBD,,3
7K9Z,2,E,B,A,RBD,,2
7KFV,1,A,H,L,RBD,,1
7KFV,2,B,C,D,RBD,,1
7KFV,3,E,F,G,RBD,,1
7KFW,1,A,H,L,RBD,,1
7KFW,2,B,C,D,RBD,,1
7KFW,3,E,F,G,RBD,,1
7KFX,1,A,H,L,RBD,,1
7KFY,1,A,H,L,RBD,,1
7KGJ,1,A,B,,RBD,,2
7KGK,1,A,B,,RBD,,
7KKK,1,A,B,,RBD,,2
7KKK,2,C,D,,RBD,,2
7KKK,3,E,F,,RBD,,2
7KKL,1,A,B,,RBD,,2
7KKL,2,C,E,,RBD,,2
7KKL,3,D,F,,RBD,,2
7KL9,1,A,F,,RBD,,
7KL9,2,B,E,,RBD,,
7KL9,3,C,D,,RBD,,
7KLG,1,A,H,L,RBD,,2
7KLG,2,B,I,M,RBD,,2
7KLH,1,A,H,L,RBD,,2
7KLH,2,B,I,M,RBD,,2
7KLW,1,A,C,,RBD,,
7KLW,2,A,B,,RBD,,2
7KM5,1,A,D,,RBD,,
7KM5,2,B,C,,RBD,,
7KMG,1,C,A,B,RBD,,2
7KMG,2,F,D,E,RBD,,2
7KMH,1,C,A,B,RBD,,1
7KMI,1,C,A,B,RBD,,1
7KMK,1,A,H,L,RBD,,2
7KMK,2,B,I,M,RBD,,2
7KML,1,A,H,L,RBD,,2
7KML,2,B,I,M,RBD,,2
7KML,3,C,J,N,RBD,,2
7KN3,1,A,H,L,RBD,,
7KN3,2,B,M,N,RBD,,
7KN4,1,A,H,L,RBD,,
7KN4,2,B,M,N,RBD,,
7KN5,1,A,C,,RBD,,1
7KN5,2,B,F,,RBD,,
7KN5,3,A,E,,RBD,,
7KN5,4,B,D,,RBD,,1
7KN6,1,A,H,L,RBD,,1
7KN6,2,A,C,,RBD,,
7KN7,1,A,H,L,RBD,,1
7KN7,2,A,B,,RBD,,
7KQE,1,A,H,L,RBD,,1
7KQE,2,B,I,N,RBD,,1
7KQE,3,C,J,M,RBD,,1
7KS9,1,B,H,L,RBD,,1
7KSG,1,A,D,,RBD,,1
7KSG,2,B,E,,RBD,,1
7KSG,3,C,F,,RBD,,1
7KXJ,1,A,H,L,RBD,,2
7KXJ,2,B,I,M,RBD,,2
7KXJ,3,C,J,N,RBD,,2
7KXK,1,A,H,L,RBD,,2
7KXK,2,B,I,M,RBD,,2
7KXK,3,C,J,N,RBD,,2
7KZB,1,C,A,B,RBD,,2
7KZB,2,C,H,L,RBD,,4
7L02,1,A,M,K,CTD,,CTD
7L06,1,A,M,K,CTD,,CTD
7L06,2,B,G,E,CTD,,CTD
7L09,1,A,M,K,CTD,,CTD
7L0N,1,R,A,B,RBD,,3
7L0N,2,R,H,L,RBD,,4
7L0N,3,S,M,N,RBD,,4
7L0N,4,S,C,D,RBD,,3
7L2C,1,A,H,L,NTD,,NTD
7L2C,2,B,C,D,NTD,,NTD
7L2D,1,A,H,L,NTD,,NTD
7L2E,1,A,H,L,NTD,,NTD
7L2E,2,B,G,J,NTD,,NTD
7L2E,3,C,I,K,NTD,,NTD
7L2F,1,A,H,L,NTD,,NTD
7L2F,2,B,I,K,NTD,,NTD
7L2F,3,C,G,J,NTD,,NTD
7L3N,1,"B,C",D,E,RBD,RBD,2
7L56,1,A,H,L,RBD,,
7L56,2,B,J,K,RBD,,
7L56,3,C,F,G,RBD,,
7L57,1,B,H,L,RBD,,
7L58,1,B,H,L,RBD,,2
7L5B,1,A,H,L,RBD,,
7L7D,1,E,H,L,RBD,,
7L7E,1,G,E,F,RBD,,
7L7E,2,G,A,B,RBD,,
7L7E,3,K,I,J,RBD,,
7L7E,4,K,O,P,RBD,,
7L7E,5,S,H,L,RBD,,
7L7E,6,S,M,N,RBD,,
7L7E,7,b,T,U,RBD,,
7L7E,8,b,C,D,RBD,,
7LAA,1,A,H,L,RBD,,2
7LAB,1,A,T,S,NTD,,NTD
7LAB,2,B,Y,X,NTD,,NTD
7LAB,3,C,H,L,NTD,,NTD
7LCN,1,A,B,D,NTD,,NTD
7LCN,2,C,H,L,NTD,,NTD
7LCN,3,K,M,S,NTD,,NTD
7LD1,1,A,P,O,RBD,,4
7LD1,2,B,H,L,RBD,,4
7LD1,3,C,M,N,RBD,,4
7LDJ,1,C,G,,RBD,,2
7LDJ,2,D,H,,RBD,,2
7LDJ,3,B,E,,RBD,,2
7LDJ,4,A,F,,RBD,,2
7LJR,1,A,S,T,RBD,,2
7LM8,1,A,H,L,RBD,,4
7LM8,2,A,M,N,RBD,,3
7LOP,1,A,B,C,RBD,,4
7LOP,2,A,H,L,RBD,,2
7LOP,3,Z,W,V,RBD,,4
7LOP,4,Z,X,Y,RBD,,2
7LQ7,1,A,H,L,RBD,,
7LQ7,2,A,P,Q,RBD,,4
7LQ7,3,B,T,U,RBD,,4
7LQ7,4,B,C,D,RBD,,
7LQ7,5,E,y,z,RBD,,4
7LQ7,6,E,F,G,RBD,,
7LQV,1,A,H,L,NTD,,NTD
7LQV,2,B,W,X,NTD,,NTD
7LQV,3,C,Y,Z,NTD,,NTD
7LQW,1,C,H,L,NTD,,NTD
7LRS,1,C,D,E,RBD,,1
7LRT,1,A,H,L,RBD,,1
7LRT,2,B,F,G,RBD,,1
7LRT,3,C,D,E,RBD,,1
7LS9,1,A,H,L,RBD,,
7LS9,2,B,D,F,RBD,,
7LS9,3,C,E,G,RBD,,
7LSS,1,B,H,L,RBD,,
7LX5,1,B,C,,RBD,,
7LX5,2,B,A,,RBD,,
7LXW,1,A,H,L,NTD,,NTD
7LXX,1,A,H,L,NTD,,NTD
7LXY,1,A,E,D,RBD,,2
7LXY,2,A,H,L,NTD,,NTD
7LXY,3,B,F,C,RBD,,2
7LXY,4,B,G,I,NTD,,NTD
7LXY,5,J,N,O,NTD,,NTD
7LXY,6,J,M,K,RBD,,2
7LXZ,1,A,H,J,NTD,,NTD
7LXZ,2,A,E,D,RBD,,2
7LXZ,3,B,G,I,NTD,,NTD
7LXZ,4,B,F,C,RBD,,2
7LXZ,5,K,N,O,NTD,,NTD
7LXZ,6,K,M,L,RBD,,2
7LY0,1,A,H,L,NTD,,NTD
7LY2,1,A,H,L,NTD,,NTD
7LY2,2,A,E,D,RBD,,2
7LY2,3,B,F,C,RBD,,2
7LY2,4,B,G,I,NTD,,NTD
7LY2,5,J,N,O,NTD,,NTD
7LY2,6,J,M,K,RBD,,2
7LY3,1,A,D,C,NTD,,NTD
7LY3,2,B,F,E,NTD,,NTD
7M3I,1,C,A,B,RBD,,4
7M3I,2,R,H,L,RBD,,4
7M42,1,E,D,C,RBD,,4
7M42,2,E,B,A,RBD,,2
7M6D,1,C,A,B,RBD,,4
7M6D,2,C,H,L,RBD,,1
7M6E,1,A,H,L,RBD,,3
7M6E,2,B,F,G,RBD,,3
7M6E,3,E,D,C,RBD,,3
7M6F,1,A,H,L,RBD,,1
7M6F,2,E,C,D,RBD,,1
7M6G,1,B,R,S,RBD,,3
7M6G,2,C,H,L,RBD,,3
7M6H,1,A,E,G,RBD,,2
7M6H,2,"B,C",D,F,RBD,RBD,2
7M6I,1,A,M,N,RBD,,2
7M6I,2,"B,C",H,L,RBD,RBD,2
7M71,1,"A,B",H,L,RBD,RBD,
7M7B,1,A,H,L,RBD,,1
7M7W,1,R,E,F,RBD,,3
7M7W,2,R,H,L,RBD,,4
7M7W,3,S,C,D,RBD,,3
7M7W,4,S,A,B,RBD,,4
7M8J,1,A,H,L,NTD,,NTD
7MDW,1,R,A,,RBD,,2
7MDW,2,R,B,,RBD,,
7ME7,1,R,A,,RBD,,4
7ME7,2,R,B,,RBD,,
7MEJ,1,R,A,,RBD,,2
7MEJ,2,R,B,,RBD,,
7MF1,1,A,H,L,RBD,,3
7MFU,1,A,B,,RBD,,
7MFU,2,D,E,,RBD,,
7MFU,3,D,F,,RBD,,
7MFU,4,A,C,,RBD,,
7MJH,1,A,D,,RBD,,2
7MJH,2,B,E,,RBD,,2
7MJH,3,C,F,,RBD,,2
7MJI,1,B,E,,RBD,,2
7MJJ,1,A,D,E,RBD,,
7MJJ,2,B,F,G,RBD,,
7MJK,1,A,D,E,RBD,,
7MJK,2,B,F,G,RBD,,
7MJK,3,C,H,I,RBD,,
7MJL,1,A,H,L,RBD,,
7MKL,1,A,H,L,RBD,,2
7MKM,1,A,H,L,RBD,,2
7MLZ,1,A,H,L,RBD,,1
7MM0,1,A,H,L,RBD,,1
7MMO,1,C,A,B,RBD,,3
7MMO,2,F,D,E,RBD,,3
7MY2,1,C,D,,RBD,,4
7MY2,2,E,H,,RBD,,4
7MY2,3,B,A,,RBD,,4
7MY3,1,A,E,,RBD,,3
7MY3,2,B,D,,RBD,,3
7MY3,3,C,H,,RBD,,3
7MZF,1,A,H,L,RBD,,
7MZG,1,A,H,L,RBD,,
7MZH,1,A,B,C,RBD,,
7MZH,2,E,H,L,RBD,,
7MZI,1,A,H,L,RBD,,1
7MZJ,1,A,F,E,RBD,,1
7MZJ,2,A,H,L,RBD,,
7MZJ,3,B,C,D,RBD,,1
7MZJ,4,B,N,M,RBD,,
7MZK,1,A,H,L,RBD,,
7MZK,2,A,F,E,RBD,,1
7MZK,3,B,C,D,RBD,,1
7MZK,4,B,N,M,RBD,,
7MZL,1,A,H,L,RBD,,
7MZM,1,A,H,L,RBD,,
7MZN,1,A,H,L,RBD,,
7N0G,1,C,Z,,RBD,,2
7N0G,2,B,Y,,RBD,,2
7N0G,3,A,X,,RBD,,2
7N0H,1,C,Z,,RBD,,2
7N0H,2,A,X,,RBD,,2
7N3I,1,C,H,L,RBD,,
7N4I,1,C,H,L,RBD,,
7N4J,1,A,H,L,RBD,,
7N4L,1,A,H,L,RBD,,
7N4M,1,A,H,L,RBD,,
7N5H,1,A,H,L,RBD,,
7N5H,2,B,E,F,RBD,,
7N5H,3,C,J,K,RBD,,
7N62,1,A,H,L,NTD,,NTD
7N64,1,"A,B",H,L,NTD,RBD,3
7N8H,1,A,E,D,RBD,,2
7N8H,2,A,C,B,NTD,,NTD
7N8H,3,F,J,I,NTD,,NTD
7N8H,4,F,H,G,RBD,,2
7N8H,5,K,O,N,NTD,,NTD
7N8H,6,K,M,L,RBD,,2
7N8I,1,A,H,L,NTD,,NTD
7N9A,1,E,A,,RBD,,2
7N9B,1,"C,B",F,,RBD,RBD,2
7N9B,2,A,D,,RBD,,2
7N9C,1,A,E,,RBD,,
7N9C,2,C,D,,RBD,,
7N9E,1,A,D,,RBD,,4
7N9T,1,C,D,,RBD,,4
7N9T,2,B,F,,RBD,,4
7N9T,3,A,E,,RBD,,4
7ND3,1,B,H,L,RBD,,1
7ND4,1,A,D,E,RBD,,
7ND4,2,B,F,G,RBD,,
7ND4,3,C,H,L,RBD,,
7ND5,1,B,H,L,RBD,,
7ND6,1,B,H,L,RBD,,1
7ND7,1,A,H,L,RBD,,
7ND7,2,B,F,G,RBD,,
7ND7,3,C,J,K,RBD,,
7ND8,1,B,H,L,RBD,,
7ND9,1,B,H,L,RBD,,
7NDA,1,"A,C",H,L,RBD,RBD,
7NDB,1,B,H,L,RBD,,2
7NDC,1,A,F,G,NTD,,NTD
7NDC,2,B,H,L,NTD,,NTD
7NDC,3,C,D,E,NTD,,NTD
7NDD,1,A,F,G,NTD,,NTD
7NDD,2,B,H,L,NTD,,NTD
7NDD,3,C,D,E,NTD,,NTD
7NEG,1,E,H,L,RBD,,
7NEH,1,E,H,L,RBD,,
7NKT,1,A,B,,RBD,,4
7NP1,1,A,H,L,RBD,,
7NP1,2,B,I,M,RBD,,
7NP1,3,C,J,N,RBD,,
7NP1,4,D,K,O,RBD,,
7NTC,1,C,H,L,NTD,,NTD
7NX6,1,E,H,L,RBD,,4
7NX6,2,E,A,B,RBD,,1
7NX7,1,E,H,L,RBD,,4
7NX7,2,E,A,B,RBD,,1
7NX8,1,E,H,L,RBD,,4
7NX8,2,E,A,B,RBD,,1
7NX9,1,E,A,B,RBD,,1
7NX9,2,E,H,L,RBD,,4
7NXA,1,E,A,B,RBD,,1
7NXA,2,E,H,L,RBD,,4
7NXB,1,E,A,B,RBD,,1
7NXB,2,E,H,L,RBD,,4
7OAN,1,A,F,,RBD,,2
7OAN,2,B,G,,RBD,,2
7OAN,3,C,H,,RBD,,2
7OAO,1,EEE,FFF,,RBD,,2
7OAP,1,E,F,,RBD,,
7OAP,2,E,A,,RBD,,
7OAQ,1,E,A,,RBD,,
7OAQ,2,E,F,,RBD,,
7OAU,1,AAA,BBB,,RBD,,2
7OAU,2,EEE,FFF,,RBD,,2
7OAY,1,AAA,BBB,,RBD,,
7OAY,2,CCC,DDD,,RBD,,
7OAY,3,EEE,FFF,,RBD,,
7OAY,4,GGG,HHH,,RBD,,
7OAY,5,III,JJJ,,RBD,,
7OAY,6,KKK,LLL,,RBD,,
7OLZ,1,A,B,,RBD,,
7OLZ,2,A,C,,RBD,,
7OR9,1,E,H,L,RBD,,
7OR9,2,E,A,B,RBD,,1
7ORA,1,C,H,L,RBD,,1
7ORA,2,C,D,E,RBD,,3
7ORA,3,R,A,B,RBD,,3
7ORA,4,R,F,G,RBD,,1
7ORB,1,R,H,L,RBD,,1
7ORB,2,R,A,B,RBD,,
7ORB,3,X,E,F,RBD,,
7ORB,4,X,C,D,RBD,,1
7P40,1,A,F,B,RBD,,1
7P40,2,E,C,D,RBD,,1
7P40,3,G,I,H,RBD,,1
7P77,1,E,H,,RBD,,2
7P77,2,B,A,,RBD,,2
7P77,3,E,X,,RBD,,
7P77,4,C,Y,,RBD,,
7P77,5,B,W,,RBD,,
7P77,6,C,D,,RBD,,2
7P78,1,E,H,,RBD,,2
7P78,2,A,B,,RBD,,2
7P78,3,C,D,,RBD,,2
7P78,4,E,Y,,RBD,,
7P78,5,C,W,,RBD,,
7P79,1,E,D,,RBD,,2
7P79,2,A,H,,RBD,,2
7P79,3,C,B,,RBD,,2
7P7A,1,B,A,,RBD,,
7P7A,2,E,D,,RBD,,
7PHG,1,A,H,L,RBD,,1
7R6W,1,R,A,B,RBD,,3
7R6W,2,R,H,L,RBD,,
7R6X,1,R,A,B,RBD,,3
7R6X,2,R,H,L,RBD,,4
7R6X,3,R,C,D,RBD,,1
7R7N,1,E,H,L,RBD,,2
7R8L,1,E,C,D,RBD,,4
7R8L,2,E,H,L,RBD,,
7R8M,1,B,H,L,RBD,,3
7R8M,2,C,D,E,RBD,,3
7R8N,1,A,H,L,RBD,,2
7R8N,2,B,O,P,RBD,,2
7R8N,3,E,M,N,RBD,,2
7R8O,1,A,O,P,RBD,,2
7R8O,2,B,H,L,RBD,,2
7R8O,3,E,M,N,RBD,,2
7RA8,1,A,H,L,RBD,,4
7RA8,2,B,C,D,RBD,,4
7RA8,3,E,F,G,RBD,,4
7RAL,1,B,H,L,RBD,,4
7RKU,1,"A,D",G,I,RBD,RBD,
7RKU,2,"B,C",J,K,RBD,RBD,
7RKV,1,A,E,F,RBD,,4
7RKV,2,B,D,H,RBD,,4
7RKV,3,C,G,L,RBD,,4
7RR0,1,A,B,C,RBD,,
7RW2,1,A,H,L,NTD,,NTD
7RW2,2,B,G,J,NTD,,NTD
7RW2,3,C,I,K,NTD,,NTD
7RXD,1,R,N,,RBD,,
7S0B,1,E,C,D,RBD,,
7S0B,2,F,A,B,RBD,,
7S0C,1,A,H,L,RBD,,3
7S0C,2,B,M,N,RBD,,3
7S0D,1,A,M,N,NTD,,NTD
7S0D,2,B,O,P,NTD,,NTD
7S0D,3,C,H,L,NTD,,NTD
7S0E,1,A,H,L,CTD,,CTD
7S4S,1,A,H,L,RBD,,
7SO9,1,A,E,D,RBD,,2
7SO9,2,A,C,B,NTD,,NTD
7SO9,3,F,J,I,NTD,,NTD
7SO9,4,F,H,G,RBD,,2
7SO9,5,K,O,N,NTD,,NTD
7SO9,6,K,M,L,RBD,,2
7SOA,1,A,H,L,NTD,,NTD
7SOB,1,A,G,I,RBD,,3
7SOB,2,A,C,B,NTD,,NTD
7SOB,3,D,H,J,RBD,,3
7SOB,4,D,F,E,NTD,,NTD
7SOB,5,K,M,L,NTD,,NTD
7SOB,6,K,N,O,RBD,,3
7SOC,1,A,H,L,RBD,,3
7SOD,1,A,H,L,NTD,,NTD
7SOE,1,A,B,L,NTD,,NTD
7SOE,2,C,E,D,NTD,,NTD
7SOE,3,F,H,G,NTD,,NTD
7SOF,1,A,H,L,NTD,,NTD
7V26,1,A,a,b,RBD,,3
7V26,2,C,c,d,RBD,,3
7V26,3,E,e,f,RBD,,3
7V2A,1,A,E,D,RBD,,3
7V2A,2,B,G,F,RBD,,3
7V2A,3,C,I,H,RBD,,3
7VMU,1,B,A,a,RBD,,
7VNB,1,B,A,,RBD,,4
7VNC,1,C,V,,RBD,,4
7VND,1,A,D,,RBD,,4
7VND,2,C,V,,RBD,,4
7VNE,1,C,W,,RBD,,4
7VNE,2,A,U,,RBD,,4
7VNE,3,"B,C",V,,NTD,RBD,4
