CSM,starting_model,method,constraint,variant,base strain,7T9L,7T9K_A,7T9K_B
6M0J_1_rpk_cons_om,6M0J_1,rpk,cons,om,WT,0.616,0.701,0.715
7BH9_1_rpk_cons_om,7BH9_1,rpk,cons,om,Evolved,1.321,1.331,1.336
7EKC_1_rpk_cons_om,7EKC_1,rpk,cons,om,Gamma,0.73,0.803,0.804
7EKF_1_rpk_cons_om,7EKF_1,rpk,cons,om,Alpha,0.717,0.797,0.793
7EKG_1_rpk_cons_om,7EKG_1,rpk,cons,om,Beta,0.729,0.801,0.802
7NXC_1_rpk_cons_om,7NXC_1,rpk,cons,om,P1,0.754,0.828,0.823
7V89_1_rpk_cons_om,7V89_1,rpk,cons,om,Delta,0.795,1.013,1.039
7V89_2_rpk_cons_om,7V89_2,rpk,cons,om,Delta,0.784,0.998,1.036
7V89_3_rpk_cons_om,7V89_3,rpk,cons,om,Delta,0.811,1.045,1.154
6M0J_1_rpk_cons_wt,6M0J_1,rpk,cons,wt,WT,0.61,0.699,0.709
7BH9_1_rpk_cons_wt,7BH9_1,rpk,cons,wt,Evolved,1.317,1.327,1.333
7EKC_1_rpk_cons_wt,7EKC_1,rpk,cons,wt,Gamma,0.721,0.796,0.798
7EKF_1_rpk_cons_wt,7EKF_1,rpk,cons,wt,Alpha,0.709,0.791,0.788
7EKG_1_rpk_cons_wt,7EKG_1,rpk,cons,wt,Beta,0.718,0.792,0.794
7NXC_1_rpk_cons_wt,7NXC_1,rpk,cons,wt,P1,0.754,0.829,0.824
7V89_1_rpk_cons_wt,7V89_1,rpk,cons,wt,Delta,0.804,1.019,1.043
7V89_2_rpk_cons_wt,7V89_2,rpk,cons,wt,Delta,0.786,1,1.037
7V89_3_rpk_cons_wt,7V89_3,rpk,cons,wt,Delta,0.82,1.05,1.1
6M0J_1_rpk_free_om,6M0J_1,rpk,free,om,WT,1.175,1.172,1.192
7BH9_1_rpk_free_om,7BH9_1,rpk,free,om,Evolved,1.65,1.653,1.658
7EKC_1_rpk_free_om,7EKC_1,rpk,free,om,Gamma,0.978,0.98,1.012
7EKF_1_rpk_free_om,7EKF_1,rpk,free,om,Alpha,1.318,1.315,1.383
7EKG_1_rpk_free_om,7EKG_1,rpk,free,om,Beta,1.267,1.265,1.327
7NXC_1_rpk_free_om,7NXC_1,rpk,free,om,P1,1.194,1.198,1.19
7V89_1_rpk_free_om,7V89_1,rpk,free,om,Delta,1.118,1.329,1.33
7V89_2_rpk_free_om,7V89_2,rpk,free,om,Delta,1.131,1.444,1.412
7V89_3_rpk_free_om,7V89_3,rpk,free,om,Delta,1.248,1.447,1.45
6M0J_1_rpk_free_wt,6M0J_1,rpk,free,wt,WT,0.93,0.946,0.943
7BH9_1_rpk_free_wt,7BH9_1,rpk,free,wt,Evolved,1.436,1.461,1.476
7EKC_1_rpk_free_wt,7EKC_1,rpk,free,wt,Gamma,1.002,1.026,1.083
7EKF_1_rpk_free_wt,7EKF_1,rpk,free,wt,Alpha,1.325,1.374,1.465
7EKG_1_rpk_free_wt,7EKG_1,rpk,free,wt,Beta,1.04,1.051,1.109
7NXC_1_rpk_free_wt,7NXC_1,rpk,free,wt,P1,0.921,0.959,0.952
7V89_1_rpk_free_wt,7V89_1,rpk,free,wt,Delta,1.203,1.287,1.293
7V89_2_rpk_free_wt,7V89_2,rpk,free,wt,Delta,1.109,1.591,1.509
7V89_3_rpk_free_wt,7V89_3,rpk,free,wt,Delta,1.062,1.205,1.192
6M0J_1_af2_cons_om,6M0J_1,af2,cons,om,WT,1.362,3.625,3.66
7BH9_1_af2_cons_om,7BH9_1,af2,cons,om,Evolved,1.364,3.625,3.66
7EKC_1_af2_cons_om,7EKC_1,af2,cons,om,Gamma,1.365,3.628,3.617
7EKF_1_af2_cons_om,7EKF_1,af2,cons,om,Alpha,1.365,3.631,3.619
7EKG_1_af2_cons_om,7EKG_1,af2,cons,om,Beta,1.365,3.63,3.619
7NXC_1_af2_cons_om,7NXC_1,af2,cons,om,P1,1.364,3.626,3.614
7V89_1_af2_cons_om,7V89_1,af2,cons,om,Delta,1.365,3.627,3.662
7V89_2_af2_cons_om,7V89_2,af2,cons,om,Delta,1.364,3.628,3.616
7V89_3_af2_cons_om,7V89_3,af2,cons,om,Delta,1.366,3.631,3.619
6M0J_1_af2_cons_wt,6M0J_1,af2,cons,wt,WT,1.389,3.74,3.712
7BH9_1_af2_cons_wt,7BH9_1,af2,cons,wt,Evolved,1.392,3.742,3.714
7EKC_1_af2_cons_wt,7EKC_1,af2,cons,wt,Gamma,1.388,3.739,3.71
7EKF_1_af2_cons_wt,7EKF_1,af2,cons,wt,Alpha,1.391,3.741,3.712
7EKG_1_af2_cons_wt,7EKG_1,af2,cons,wt,Beta,1.39,3.739,3.71
7NXC_1_af2_cons_wt,7NXC_1,af2,cons,wt,P1,1.387,3.739,3.71
7V89_1_af2_cons_wt,7V89_1,af2,cons,wt,Delta,1.392,3.741,3.712
7V89_2_af2_cons_wt,7V89_2,af2,cons,wt,Delta,1.391,3.741,3.712
7V89_3_af2_cons_wt,7V89_3,af2,cons,wt,Delta,1.393,3.742,3.713
6M0J_1_af2_free_om,6M0J_1,af2,free,om,WT,1.626,3.423,3.46
7BH9_1_af2_free_om,7BH9_1,af2,free,om,Evolved,1.583,3.25,3.259
7EKC_1_af2_free_om,7EKC_1,af2,free,om,Gamma,1.602,3.782,3.823
7EKF_1_af2_free_om,7EKF_1,af2,free,om,Alpha,1.631,3.576,3.597
7EKG_1_af2_free_om,7EKG_1,af2,free,om,Beta,1.467,3.698,3.753
7NXC_1_af2_free_om,7NXC_1,af2,free,om,P1,1.56,3.804,3.859
7V89_1_af2_free_om,7V89_1,af2,free,om,Delta,1.598,3.406,3.427
7V89_2_af2_free_om,7V89_2,af2,free,om,Delta,1.656,3.098,3.123
7V89_3_af2_free_om,7V89_3,af2,free,om,Delta,1.694,3.765,3.792
6M0J_1_af2_free_wt,6M0J_1,af2,free,wt,WT,1.639,3.776,3.791
7BH9_1_af2_free_wt,7BH9_1,af2,free,wt,Evolved,1.614,3.513,3.531
7EKC_1_af2_free_wt,7EKC_1,af2,free,wt,Gamma,1.667,3.813,3.827
7EKF_1_af2_free_wt,7EKF_1,af2,free,wt,Alpha,1.596,3.731,3.748
7EKG_1_af2_free_wt,7EKG_1,af2,free,wt,Beta,1.624,3.88,3.902
7NXC_1_af2_free_wt,7NXC_1,af2,free,wt,P1,1.599,3.806,3.824
7V89_1_af2_free_wt,7V89_1,af2,free,wt,Delta,1.602,3.538,3.555
7V89_2_af2_free_wt,7V89_2,af2,free,wt,Delta,1.602,3.325,3.337
7V89_3_af2_free_wt,7V89_3,af2,free,wt,Delta,1.709,3.86,3.91
